No,Name,Main phone,City,Main email,Website Url,Address,Owner Name,Owner Linkedin,Owner Email
1,Ecstatic Cuisine,(512) 919-5100,Austin,,,5701 Springdale Rd Austin,,,
2,All Occasions Catering﻿,(888) 900-0242,Austin,,,2424 Kingsbury St Austin,,,
3,Tamale House East﻿,(512) 495-9504,Austin,tamalehouseeast@gmail.com,http://tamalehouseeast.com,1707 E 6th St Austin,,,
4,Atxpinoy Food﻿,(512) 547-3615,Austin,,,10104 Big Thicket Drive Austin,,,
5,Hot Bread﻿,(512) 249-9109,Austin,info@hotbreadsaustin.com,http://www.hotbreadsaustin.com,7318 Mcneil Dr Ste 102 Austin,,,
6,Syriano Shawarma﻿,(512) 545-0804,Austin,fadi.tantah@gmail.com,,2730 E Cesar Chavez St Austin,,,
7,Cottage Cafe﻿,(830) 456-1174,Austin,,,1606 W Stassney Ln Ste 1 Austin,,,
8,G & M Catering﻿,(512) 247-6611,Austin,sales@gmcatering.com,http://www.gmcatering.com,904 Vargas Rd Austin,,,
9,34th Street Catering﻿,(512) 323-2000,Austin,goodfood@34thstreetcafe.com,http://www.34thstreetcafe.com,1013 W 34th St Austin,,,
10,Kiefer's Cafe & Catering﻿,(512) 719-5550,Austin,,http://www.kieferscafecatering.com,2007 Kramer Ln Austin,,,
11,Food Food﻿,(512) 518-1021,Austin,foodfood@SBCGlobal.net,http://www.foodfoodaustin.com,2727 Exposition Blvd Austin,,,
12,La Pera Catering & Events﻿,(512) 591-8554,Austin,hola@laperaaustin.com,https://www.laperaaustin.com,502 Thompson Ln Austin,,,
13,Pascal's Catering﻿,(512) 447-4113,Austin,pascal@pascalscatering.com,http://www.pascalscatering.com,1924 E 38th 1/2 St Austin,,,
14,The Vanilla Orchid﻿,(512) 610-2134,Austin,customerservice@thevanillaorchid.com,http://www.thevanillaorchid.com,7433 Burnet Rd Austin,,,
15,Food Food﻿,(512) 518-1021,Austin,foodfood@SBCGlobal.net,http://www.foodfoodaustin.com,2727 Exposition Blvd Austin,,,
16,Thai Passion﻿,(737) 703-5237,Austin,gene@thaipassion.com,http://www.thaipassion.com,13376 N Highway 183 Ste 400 Austin,,,
17,Fonda San Miguel Restaurant﻿,(512) 459-4121,Austin,dining@fondasanmiguel.com,http://www.fondasanmiguel.com,2330 W North Loop Blvd Austin,,,
18,Kurant Events﻿,(512) 206-0610,Austin,,http://www.kurantevents.com,6521 Burnet Ln Austin,,,
19,Meyers Elgin Smokehouse﻿,(512) 281-3331,Austin,,https://www.cuetopiatexas.com,188 Highway 290 EElgin,,,
20,Donn's #3 Texas BBQ﻿,(512) 288-4060,Austin,donnsbbq@gmail.com,http://www.donns-bbq.com,7001 Oak Meadow Dr Austin,,,
21,Canopy﻿,(512) 524-1544,Austin,,http://www.sa-ten.com,916 Springdale Rd Bldg 3 Austin,,,